{"cameraMode":{"drawMode":0,"name":"Shaded","section":"Shading Mode"},"sceneLighting":false,"audioPlay":false,"sceneViewState":{"showFog":true,"showMaterialUpdate":false,"showSkybox":true,"showFlares":true,"showImageEffects":true,"showParticleSystems":true},"in2DMode":false,"pivot":{"x":425.6698913574219,"y":193.8013153076172,"z":-104.17669677734375},"rotation":{"x":0.004780408926308155,"y":0.11076712608337403,"z":-0.0005329790874384344,"w":0.9938384890556336},"size":776.178955078125,"orthographic":false}