{"cameraMode":{"drawMode":0,"name":"Shaded","section":"Shading Mode"},"sceneLighting":false,"audioPlay":false,"sceneViewState":{"showFog":true,"showMaterialUpdate":false,"showSkybox":true,"showFlares":true,"showImageEffects":true,"showParticleSystems":true},"in2DMode":false,"pivot":{"x":3.702345848083496,"y":-0.19569683074951173,"z":4.788845062255859},"rotation":{"x":0.10809255391359329,"y":0.010434087365865708,"z":-0.0011344399536028505,"w":0.9940878748893738},"size":38.42696762084961,"orthographic":false}