{"cameraMode":{"drawMode":0,"name":"Shaded","section":"Shading Mode"},"sceneLighting":false,"audioPlay":false,"sceneViewState":{"showFog":true,"showMaterialUpdate":false,"showSkybox":true,"showFlares":true,"showImageEffects":true,"showParticleSystems":true},"in2DMode":false,"pivot":{"x":507.160888671875,"y":165.71847534179688,"z":222.2239990234375},"rotation":{"x":-0.1494416892528534,"y":0.06283752620220185,"z":-0.009516899473965168,"w":-0.9867261648178101},"size":634.9183349609375,"orthographic":false}