{"cameraMode":{"drawMode":0,"name":"Shaded","section":"Shading Mode"},"sceneLighting":false,"audioPlay":false,"sceneViewState":{"showFog":true,"showMaterialUpdate":false,"showSkybox":true,"showFlares":true,"showImageEffects":true,"showParticleSystems":true},"in2DMode":false,"pivot":{"x":274.22735595703127,"y":300.5421142578125,"z":-337.63751220703127},"rotation":{"x":-0.06228897348046303,"y":-0.47304096817970278,"z":0.03355221077799797,"w":-0.8781960606575012},"size":430.98223876953127,"orthographic":false}