{"cameraMode":{"drawMode":0,"name":"Shaded","section":"Shading Mode"},"sceneLighting":false,"audioPlay":false,"sceneViewState":{"showFog":true,"showMaterialUpdate":false,"showSkybox":true,"showFlares":true,"showImageEffects":true,"showParticleSystems":true},"in2DMode":false,"pivot":{"x":1.3028011322021485,"y":2.2376468181610109,"z":0.5062012672424316},"rotation":{"x":-0.0013580485247075558,"y":0.6609590649604797,"z":-0.0011961973505094648,"w":-0.7504205107688904},"size":16.210956573486329,"orthographic":false}